image_id,avd_class0,dice_class0,lfdr_0-20vox_class0,lfdr_101-INFvox_class0,lfdr_21-100vox_class0,lfdr_class0,ltpr_101-INFvox_class0,ltpr_class0,mse_class0,n_101-INFvox,n_gt_class0,n_pred_class0,precision_class0,recall_class0,rvd_class0,specificity_class0,vol_gt_class0,vol_pred_class0
sub-mpicbs06_T2w,12.819422977846472,0.12692728884562568,,0.9655172413793104,,0.9655172413793104,1.0,1.0,0.23736767485822305,1.0,1.0,29.0,0.06805599567543386,0.9404945904173106,-12.819422977846472,0.9852157985970444,4852.499537229538,67058.74360477924
sub-mpicbs06_T1w,15.753735188047399,0.1126523505513639,,0.9824561403508771,,0.9824561403508771,1.0,1.0,0.28901701323251416,1.0,1.0,57.0,0.059688182293428454,1.0,-15.753735188047399,0.9819157008360839,4852.499537229538,81297.49224686623
sub-mpicbs06_T2star,14.917830731306491,0.11821846617125649,,0.9615384615384616,,0.9615384615384616,1.0,1.0,0.2573960302457467,1.0,1.0,26.0,0.06282263060086724,1.0,-14.917830731306491,0.9828205033578322,4563.749564766884,72644.99307203293
